PLAYERS,TEAM,GP,MIN,Salary,OFFRTG,DEFRTG,NETRTG,AST%,ASTTO,ASTRATIO,OREB%,DREB%,REB%,TOV%,EFG%,TS%,USG%,PACE,PIE,TotalRTG
LeBron James,Lakers,71,35.3,47607350,117.4,113.6,3.8,35.8,2.4,26.0,2.6,17.2,10.4,10.8,59.9,63.0,28.5,101.54,16.9,231.0
Anthony Davis,Lakers,76,35.5,40600080,116.5,114.0,2.6,15.1,1.7,13.8,9.3,25.2,17.6,8.3,56.7,62.1,26.1,102.06,16.8,230.5
Spencer Dinwiddie,Lakers,28,24.2,21911797,120.9,113.9,6.9,12.0,2.3,26.4,0.6,5.8,3.5,11.2,52.1,58.6,11.8,103.36,4.6,234.8
D'Angelo Russell,Lakers,76,32.7,17307693,116.5,113.9,2.6,26.1,3.1,26.8,1.2,7.9,4.7,8.7,56.0,58.8,22.2,102.97,10.3,230.4
Rui Hachimura,Lakers,68,26.8,15740741,116.1,113.5,2.5,6.1,1.8,9.4,3.4,12.1,8.1,5.3,60.9,62.8,18.2,102.01,9.5,229.6
Austin Reaves,Lakers,82,32.1,12015150,114.6,115.6,-1.0,23.7,2.6,26.9,2.3,10.7,6.7,10.4,56.8,61.3,19.8,101.93,10.5,230.2
Taurean Prince,Lakers,78,27,4516000,113.9,116.5,-2.6,7.3,1.6,15.0,1.0,9.5,5.4,9.2,56.6,57.9,13.4,102.61,5.6,230.4
Cam Reddish,Lakers,48,20.5,2165000,109.7,112.5,-2.8,6.2,1.6,14.2,2.8,7.1,5.0,9.2,46.8,50.4,12.3,103.36,4.4,222.2